split,label,precision,recall,f1,support
loc,ambienteSedimentacao,0.45454545454545453,0.3333333333333333,0.3846153846153846,15
loc,baciaSedimentar,0.8,0.8275862068965517,0.8135593220338982,58
loc,bentonico,0.3333333333333333,0.09090909090909091,0.14285714285714288,11
loc,constituinteRochaSedimentar,0.9411764705882353,0.8,0.8648648648648648,20
loc,contextoGeologicoDeBacia,0.7142857142857143,0.746268656716418,0.7299270072992701,67
loc,elementoQuimico,1.0,0.7142857142857143,0.8333333333333333,7
loc,eon,0.875,0.9655172413793104,0.9180327868852458,29
loc,epoca,0.9285714285714286,0.978494623655914,0.9528795811518325,93
loc,era,0.9285714285714286,0.9848484848484849,0.9558823529411765,66
loc,estratigrafia,0.9259259259259259,0.8928571428571429,0.9090909090909091,28
loc,estruturaGeologica,0.6,0.42857142857142855,0.5,7
loc,estruturaSedimentar,0.6666666666666666,0.8,0.7272727272727272,5
loc,fosseis,0.5833333333333334,1.0,0.7368421052631579,7
loc,geomorfologia,1.0,0.8571428571428571,0.923076923076923,7
loc,granulometria,0.7647058823529411,0.7647058823529411,0.7647058823529412,17
loc,idade,0.8827586206896552,0.9846153846153847,0.9309090909090909,130
loc,magmaticas,0.9136690647482014,0.9338235294117647,0.9236363636363637,136
loc,metamorficas,0.8877551020408163,0.8787878787878788,0.8832487309644671,99
loc,mineral,0.96875,0.96875,0.96875,32
loc,periodo,0.9438202247191011,0.9130434782608695,0.9281767955801105,92
loc,planctonico,0.5588235294117647,0.8260869565217391,0.6666666666666667,23
loc,procedimentoMetodologico,0.9473684210526315,0.9473684210526315,0.9473684210526315,19
loc,sedimentaresCarbonaticas,0.8095238095238095,0.8947368421052632,0.8500000000000001,57
loc,sedimentaresOrganicas,1.0,1.0,1.0,2
loc,sedimentaresQuimicas,0.0,0.0,0.0,2
loc,sedimentaresSiliciclasticas,0.8198757763975155,0.8741721854304636,0.8461538461538461,151
loc,sistemaPetrolifero,0.55,0.7857142857142857,0.6470588235294117,14
loc,unidadeEstratigrafica,0.7142857142857143,0.7142857142857143,0.7142857142857143,63
loc,unidadeGeotectonica,0.3333333333333333,0.5,0.4,2
reverse,ambienteSedimentacao,1.0,0.026785714285714284,0.052173913043478265,112
reverse,baciaSedimentar,0.6826568265682657,0.6026058631921825,0.6401384083044982,307
reverse,bentonico,0.0,0.0,0.0,27
reverse,campoPetrolifero,0.0,0.0,0.0,5
reverse,constituinteRochaSedimentar,0.9411764705882353,0.5714285714285714,0.7111111111111111,56
reverse,contextoGeologicoDeBacia,0.4747191011235955,0.5248447204968945,0.4985250737463127,322
reverse,elementoQuimico,0.9230769230769231,0.7058823529411765,0.8000000000000002,17
reverse,eon,0.9393939393939394,0.7948717948717948,0.8611111111111112,78
reverse,epoca,0.9230769230769231,0.8571428571428571,0.888888888888889,224
reverse,era,0.8712121212121212,0.9349593495934959,0.9019607843137255,123
reverse,estratigrafia,0.7216494845360825,0.6194690265486725,0.6666666666666666,113
reverse,estruturaGeologica,0.0,0.0,0.0,70
reverse,estruturaSedimentar,0.0,0.0,0.0,74
reverse,fosseis,0.7777777777777778,0.21875,0.34146341463414637,96
reverse,geomorfologia,1.0,0.8076923076923077,0.8936170212765957,26
reverse,granulometria,0.8222222222222222,0.43023255813953487,0.564885496183206,86
reverse,idade,0.8858858858858859,0.9247648902821317,0.9049079754601227,319
reverse,magmaticas,0.8736263736263736,0.6437246963562753,0.7412587412587412,247
reverse,metamorficas,0.8536585365853658,0.5965909090909091,0.7023411371237458,176
reverse,mineral,0.9565217391304348,0.66,0.7810650887573966,100
reverse,periodo,0.8640776699029126,0.8599033816425121,0.8619854721549638,207
reverse,planctonico,0.8292682926829268,0.6938775510204082,0.7555555555555555,49
reverse,procedimentoMetodologico,0.9821428571428571,0.9016393442622951,0.9401709401709402,61
reverse,sedimentaresCarbonaticas,0.6363636363636364,0.580110497237569,0.6069364161849711,181
reverse,sedimentaresOrganicas,0.0,0.0,0.0,18
reverse,sedimentaresQuimicas,0.0,0.0,0.0,11
reverse,sedimentaresSiliciclasticas,0.7590361445783133,0.7590361445783133,0.7590361445783133,581
reverse,sistemaPetrolifero,0.9142857142857143,0.9142857142857143,0.9142857142857143,35
reverse,unidadeEstratigrafica,0.8126801152737753,0.5241635687732342,0.6372881355932204,538
reverse,unidadeGeotectonica,0.0,0.0,0.0,25
semantic,ambienteSedimentacao,1.0,0.5,0.6666666666666666,4
semantic,baciaSedimentar,0.926829268292683,1.0,0.9620253164556963,38
semantic,bentonico,0.0,0.0,0.0,2
semantic,campoPetrolifero,1.0,1.0,1.0,1
semantic,constituinteRochaSedimentar,0.0,0.0,0.0,1
semantic,contextoGeologicoDeBacia,0.5757575757575758,0.9047619047619048,0.7037037037037038,21
semantic,elementoQuimico,0.6666666666666666,1.0,0.8,2
semantic,eon,0.9632352941176471,0.9776119402985075,0.9703703703703703,134
semantic,epoca,0.8691588785046729,0.93,0.8985507246376813,100
semantic,era,0.9050632911392406,0.8265895953757225,0.86404833836858,173
semantic,estratigrafia,1.0,1.0,1.0,10
semantic,estruturaGeologica,0.7692307692307693,0.6666666666666666,0.7142857142857142,15
semantic,estruturaSedimentar,0.5,0.6666666666666666,0.5714285714285715,3
semantic,fosseis,0.0,0.0,0.0,2
semantic,geomorfologia,1.0,1.0,1.0,9
semantic,granulometria,1.0,1.0,1.0,2
semantic,idade,0.7884615384615384,0.9647058823529412,0.8677248677248677,85
semantic,magmaticas,0.8059701492537313,0.8709677419354839,0.8372093023255813,124
semantic,metamorficas,0.746031746031746,0.7230769230769231,0.7343749999999999,65
semantic,mineral,0.575,0.8679245283018868,0.6917293233082706,53
semantic,periodo,0.9365079365079365,0.9477911646586346,0.9421157684630739,249
semantic,planctonico,0.6666666666666666,1.0,0.8,4
semantic,procedimentoMetodologico,1.0,1.0,1.0,38
semantic,sedimentaresCarbonaticas,0.9411764705882353,1.0,0.9696969696969697,16
semantic,sedimentaresOrganicas,0.8,1.0,0.888888888888889,4
semantic,sedimentaresSiliciclasticas,0.7115384615384616,0.8409090909090909,0.7708333333333333,44
semantic,sistemaPetrolifero,0.90625,0.9354838709677419,0.9206349206349206,62
semantic,unidadeEstratigrafica,0.9565217391304348,0.6285714285714286,0.7586206896551724,35
semantic,unidadeGeotectonica,0.0,0.0,0.0,1
heur_len,ambienteSedimentacao,0.8,0.717948717948718,0.7567567567567569,39
heur_len,baciaSedimentar,0.7889908256880734,0.819047619047619,0.8037383177570094,105
heur_len,bentonico,0.5,0.6666666666666666,0.5714285714285715,3
heur_len,campoPetrolifero,0.0,0.0,0.0,2
heur_len,constituinteRochaSedimentar,0.8636363636363636,0.8636363636363636,0.8636363636363636,22
heur_len,contextoGeologicoDeBacia,0.7551020408163265,0.8222222222222222,0.7872340425531914,135
heur_len,elementoQuimico,1.0,1.0,1.0,1
heur_len,eon,0.9642857142857143,0.9642857142857143,0.9642857142857143,56
heur_len,epoca,0.9079754601226994,0.9736842105263158,0.9396825396825397,152
heur_len,era,0.896551724137931,0.9873417721518988,0.9397590361445785,79
heur_len,estratigrafia,0.8723404255319149,0.9111111111111111,0.891304347826087,45
heur_len,estruturaGeologica,0.8888888888888888,0.5714285714285714,0.6956521739130435,14
heur_len,estruturaSedimentar,0.75,0.75,0.75,16
heur_len,fosseis,0.625,0.7142857142857143,0.6666666666666666,28
heur_len,geomorfologia,0.75,1.0,0.8571428571428571,6
heur_len,granulometria,0.84375,0.9,0.870967741935484,30
heur_len,idade,0.8888888888888888,0.9696969696969697,0.927536231884058,165
heur_len,magmaticas,0.8771929824561403,0.9259259259259259,0.9009009009009009,108
heur_len,metamorficas,0.8023255813953488,0.8214285714285714,0.8117647058823529,84
heur_len,mineral,0.8823529411764706,0.9782608695652174,0.9278350515463919,46
heur_len,periodo,0.8805970149253731,0.9752066115702479,0.9254901960784313,121
heur_len,planctonico,0.8333333333333334,0.9459459459459459,0.8860759493670887,37
heur_len,procedimentoMetodologico,0.9393939393939394,0.96875,0.9538461538461539,32
heur_len,sedimentaresCarbonaticas,0.8529411764705882,0.8529411764705882,0.8529411764705882,68
heur_len,sedimentaresOrganicas,1.0,1.0,1.0,3
heur_len,sedimentaresQuimicas,0.0,0.0,0.0,1
heur_len,sedimentaresSiliciclasticas,0.8416289592760181,0.8815165876777251,0.861111111111111,211
heur_len,sistemaPetrolifero,0.868421052631579,0.9428571428571428,0.904109589041096,35
heur_len,unidadeEstratigrafica,0.8125,0.8666666666666667,0.8387096774193549,150
heur_len,unidadeGeotectonica,0.5,0.3333333333333333,0.4,6
heur_rare,ambienteSedimentacao,0.7307692307692307,0.6129032258064516,0.6666666666666667,31
heur_rare,baciaSedimentar,0.8125,0.8813559322033898,0.8455284552845529,118
heur_rare,bentonico,0.5,0.5,0.5,2
heur_rare,campoPetrolifero,0.0,0.0,0.0,1
heur_rare,constituinteRochaSedimentar,0.8064516129032258,0.6944444444444444,0.746268656716418,36
heur_rare,contextoGeologicoDeBacia,0.6850828729281768,0.8104575163398693,0.7425149700598803,153
heur_rare,elementoQuimico,0.8888888888888888,0.8888888888888888,0.8888888888888888,9
heur_rare,eon,0.925,0.8809523809523809,0.9024390243902439,42
heur_rare,epoca,0.9013157894736842,0.9716312056737588,0.9351535836177474,141
heur_rare,era,0.8674698795180723,0.96,0.9113924050632911,75
heur_rare,estratigrafia,0.7647058823529411,0.8297872340425532,0.7959183673469387,47
heur_rare,estruturaGeologica,0.47368421052631576,0.6428571428571429,0.5454545454545454,14
heur_rare,estruturaSedimentar,0.6896551724137931,0.7692307692307693,0.7272727272727274,26
heur_rare,fosseis,0.75,0.6,0.6666666666666665,25
heur_rare,geomorfologia,1.0,0.6666666666666666,0.8,12
heur_rare,granulometria,0.8846153846153846,0.92,0.9019607843137256,25
heur_rare,idade,0.8617021276595744,0.9818181818181818,0.9178470254957507,165
heur_rare,magmaticas,0.8789808917197452,0.9517241379310345,0.913907284768212,145
heur_rare,metamorficas,0.7361111111111112,0.9636363636363636,0.8346456692913387,55
heur_rare,mineral,0.7735849056603774,1.0,0.8723404255319149,41
heur_rare,periodo,0.8472222222222222,0.9242424242424242,0.8840579710144927,132
heur_rare,planctonico,0.8214285714285714,1.0,0.9019607843137255,23
heur_rare,procedimentoMetodologico,0.9736842105263158,0.8809523809523809,0.925,42
heur_rare,sedimentaresCarbonaticas,0.7808219178082192,0.8260869565217391,0.8028169014084506,69
heur_rare,sedimentaresOrganicas,0.75,1.0,0.8571428571428571,3
heur_rare,sedimentaresQuimicas,0.0,0.0,0.0,2
heur_rare,sedimentaresSiliciclasticas,0.8491379310344828,0.8873873873873874,0.86784140969163,222
heur_rare,sistemaPetrolifero,0.9629629629629629,0.9629629629629629,0.9629629629629629,27
heur_rare,unidadeEstratigrafica,0.7904191616766467,0.9103448275862069,0.8461538461538463,145
heur_rare,unidadeGeotectonica,1.0,0.2857142857142857,0.4444444444444445,7
advs,ambienteSedimentacao,0.6739130434782609,0.34065934065934067,0.45255474452554745,91
advs,baciaSedimentar,0.7700534759358288,0.8275862068965517,0.7977839335180056,174
advs,bentonico,1.0,0.16666666666666666,0.2857142857142857,6
advs,constituinteRochaSedimentar,0.925,0.43529411764705883,0.592,85
advs,contextoGeologicoDeBacia,0.6666666666666666,0.780952380952381,0.719298245614035,210
advs,elementoQuimico,0.8,1.0,0.888888888888889,4
advs,eon,0.95,0.8636363636363636,0.9047619047619048,22
advs,epoca,0.9743589743589743,0.8837209302325582,0.9268292682926831,86
advs,era,0.8913043478260869,0.9534883720930233,0.9213483146067417,43
advs,estratigrafia,0.8731343283582089,0.841726618705036,0.8571428571428571,139
advs,estruturaGeologica,0.4666666666666667,0.4375,0.45161290322580644,16
advs,estruturaSedimentar,0.23809523809523808,0.08620689655172414,0.12658227848101267,58
advs,fosseis,0.6119402985074627,0.6949152542372882,0.6507936507936508,59
advs,geomorfologia,1.0,0.7692307692307693,0.8695652173913044,13
advs,granulometria,0.7631578947368421,0.7073170731707317,0.7341772151898733,82
advs,idade,0.7758620689655172,0.9278350515463918,0.8450704225352114,97
advs,magmaticas,0.75,0.9642857142857143,0.8437499999999999,56
advs,metamorficas,0.6588235294117647,0.9032258064516129,0.761904761904762,62
advs,mineral,0.9347826086956522,0.9555555555555556,0.945054945054945,45
advs,periodo,0.9411764705882353,0.9090909090909091,0.9248554913294799,88
advs,planctonico,0.6666666666666666,1.0,0.8,14
advs,procedimentoMetodologico,0.9696969696969697,0.8648648648648649,0.9142857142857143,37
advs,sedimentaresCarbonaticas,0.8026315789473685,0.8413793103448276,0.8215488215488216,145
advs,sedimentaresOrganicas,0.7,1.0,0.8235294117647058,7
advs,sedimentaresQuimicas,0.0,0.0,0.0,7
advs,sedimentaresSiliciclasticas,0.7960992907801419,0.8471698113207548,0.8208409506398537,530
advs,sistemaPetrolifero,1.0,1.0,1.0,13
advs,unidadeEstratigrafica,0.8398576512455516,0.8613138686131386,0.8504504504504503,274
advs,unidadeGeotectonica,0.2857142857142857,0.25,0.26666666666666666,8
