label,test,train,val
B-LOC,0.03250305438455527,0.024395206873163013,0.06307186639424359
B-MISC,0.043025546762352374,0.005872710829753561,0.013946877498445412
B-ORG,0.01955906794492202,0.0446699073027357,0.02404429836250037
B-PER,0.02912396948917482,0.03454668776848293,0.035207722602232684
I-LOC,0.009014561984744587,0.0020404702690481574,0.00577418495158568
I-MISC,0.016047901555259595,0.00196699073027357,0.0051523496491072225
I-ORG,0.016521193576436662,0.019200768709021026,0.020935121850108082
I-PER,0.02510649070476484,0.021846032104906172,0.027035030055372954
O,0.8090982135977899,0.8454612254126159,0.804832548636404
